"region_id","population","Outcome","Cause","Pollutant","number_central","cost.mlnUSD"
"aberdeen",184031,"asthma emergency room visits, adults","asthma emergency room visits, adults","O3_8h",-17.3504573958259,-0.0117986459739865
"aberdeen",184031,"asthma emergency room visits, adults","asthma emergency room visits, adults","PM2.5",0,0
"aberdeen",184031,"asthma emergency room visits, children","asthma emergency room visits, children","O3_8h",-3.64496567123889,-0.00247864702129569
"aberdeen",184031,"asthma emergency room visits, children","asthma emergency room visits, children","PM2.5",0,0
"aberdeen",184031,"deaths","chronic obstructive pulmonary disease","O3_8h",0,0
"aberdeen",184031,"deaths","chronic obstructive pulmonary disease","PM2.5",NA,0.703493482082592
"aberdeen",184031,"deaths","lower respiratory infections in children","PM2.5",0.00244081370712999,0.0204950778009502
"aberdeen",184031,"deaths","non-communicable diseases and lower respiratory infections","NO2",29.1450741536615,39.2236324052223
"aberdeen",184031,"deaths","non-communicable diseases and lower respiratory infections","PM2.5",7.99793539635408,10.7636740374495
"aberdeen",184031,"disability","chronic obstructive pulmonary disease","PM2.5",4.66105295720523,0.390503004769768
"aberdeen",184031,"disability","diabetes","PM2.5",18.8054419819077,1.57551988089012
"aberdeen",184031,"disability","ischaemic heart disease","PM2.5",1.72824180498531,0.144792093977871
"aberdeen",184031,"disability","lower respiratory infections","PM2.5",0.0320618745903171,0.00268614377073661
"aberdeen",184031,"disability","lung cancer","PM2.5",0.202130191921485,0.0169344669594481
"aberdeen",184031,"disability","stroke","PM2.5",1.85491938872594,0.155405141617936
"aberdeen",184031,"new cases of asthma in children","new cases of asthma in children","NO2",23.1805771389103,0
"aberdeen",184031,"new cases of asthma in children","number of children suffering from asthma due to pollution exposure (increased prevalence)","NO2",NA,0.535242380000434
"aberdeen",184031,"preterm births","preterm births","PM2.5",0,0
"aberdeen",184031,"work absence (sick leave days)","work absence (sick leave days)","PM2.5",1464.25394256612,0.335858256229916
"barnsley",71332,"asthma emergency room visits, adults","asthma emergency room visits, adults","O3_8h",-0.0334837161780399,-2.27695733931032e-05
"barnsley",71332,"asthma emergency room visits, adults","asthma emergency room visits, adults","PM2.5",0,0
"barnsley",71332,"asthma emergency room visits, children","asthma emergency room visits, children","O3_8h",-0.00712455047634464,-4.84483186100078e-06
"barnsley",71332,"asthma emergency room visits, children","asthma emergency room visits, children","PM2.5",0,0
"barnsley",71332,"deaths","chronic obstructive pulmonary disease","O3_8h",0,0
"barnsley",71332,"deaths","chronic obstructive pulmonary disease","PM2.5",NA,0
"barnsley",71332,"deaths","lower respiratory infections in children","PM2.5",0,0
"barnsley",71332,"deaths","non-communicable diseases and lower respiratory infections","NO2",0,0
"barnsley",71332,"deaths","non-communicable diseases and lower respiratory infections","PM2.5",0,0
"barnsley",71332,"disability","chronic obstructive pulmonary disease","PM2.5",0,0
"barnsley",71332,"disability","diabetes","PM2.5",0,0
"barnsley",71332,"disability","ischaemic heart disease","PM2.5",0,0
"barnsley",71332,"disability","lower respiratory infections","PM2.5",0,0
"barnsley",71332,"disability","lung cancer","PM2.5",0,0
"barnsley",71332,"disability","stroke","PM2.5",0,0
"barnsley",71332,"new cases of asthma in children","new cases of asthma in children","NO2",4.40959100143037,0
"barnsley",71332,"new cases of asthma in children","number of children suffering from asthma due to pollution exposure (increased prevalence)","NO2",NA,0.101817999107206
"barnsley",71332,"preterm births","preterm births","PM2.5",0,0
"barnsley",71332,"work absence (sick leave days)","work absence (sick leave days)","PM2.5",0,0
"belfast",274678,"asthma emergency room visits, adults","asthma emergency room visits, adults","O3_8h",-22.1827454574728,-0.0150846951416245
"belfast",274678,"asthma emergency room visits, adults","asthma emergency room visits, adults","PM2.5",12.0479703231868,0.00819285240183778
"belfast",274678,"asthma emergency room visits, children","asthma emergency room visits, children","O3_8h",-4.6870822761319,-0.00318730643033833
"belfast",274678,"asthma emergency room visits, children","asthma emergency room visits, children","PM2.5",7.17925405534546,0.00488203135075309
"belfast",274678,"deaths","chronic obstructive pulmonary disease","O3_8h",0,0
"belfast",274678,"deaths","chronic obstructive pulmonary disease","PM2.5",NA,3.65727885610787
"belfast",274678,"deaths","lower respiratory infections in children","PM2.5",0.0106960711838082,0.0898130039323706
"belfast",274678,"deaths","non-communicable diseases and lower respiratory infections","NO2",52.3270582940611,70.4220990672977
"belfast",274678,"deaths","non-communicable diseases and lower respiratory infections","PM2.5",34.8023662174706,46.8372532575799
"belfast",274678,"disability","chronic obstructive pulmonary disease","PM2.5",24.231596826059,2.03012311978093
"belfast",274678,"disability","diabetes","PM2.5",43.3126624185119,3.62873474605382
"belfast",274678,"disability","ischaemic heart disease","PM2.5",7.28002641278312,0.609920594143963
"belfast",274678,"disability","lower respiratory infections","PM2.5",0.20393639937981,0.0170857910156623
"belfast",274678,"disability","lung cancer","PM2.5",1.06028259319989,0.0888304729320007
"belfast",274678,"disability","stroke","PM2.5",10.329585179872,0.865412619809394
"belfast",274678,"new cases of asthma in children","new cases of asthma in children","NO2",38.5154434055588,0
"belfast",274678,"new cases of asthma in children","number of children suffering from asthma due to pollution exposure (increased prevalence)","NO2",NA,0.889326330040308
"belfast",274678,"preterm births","preterm births","PM2.5",1.3764186139824,0.392689177246966
"belfast",274678,"work absence (sick leave days)","work absence (sick leave days)","PM2.5",9169.58939591493,2.1032433072771
"birmingham",986969,"asthma emergency room visits, adults","asthma emergency room visits, adults","O3_8h",16.5449917496576,0.0112509137853449
"birmingham",986969,"asthma emergency room visits, adults","asthma emergency room visits, adults","PM2.5",36.8466061756519,0.0250564035109535
"birmingham",986969,"asthma emergency room visits, children","asthma emergency room visits, children","O3_8h",3.51646226898021,0.00239126222704421
"birmingham",986969,"asthma emergency room visits, children","asthma emergency room visits, children","PM2.5",21.9313230053558,0.014913723020558
"birmingham",986969,"deaths","chronic obstructive pulmonary disease","O3_8h",0,0
"birmingham",986969,"deaths","chronic obstructive pulmonary disease","PM2.5",NA,10.5038780496648
"birmingham",986969,"deaths","lower respiratory infections in children","PM2.5",0.0295999119328818,0.248545186465301
"birmingham",986969,"deaths","non-communicable diseases and lower respiratory infections","NO2",20.4270995795931,27.4909249086323
"birmingham",986969,"deaths","non-communicable diseases and lower respiratory infections","PM2.5",95.942986388332,129.120701841906
"birmingham",986969,"disability","chronic obstructive pulmonary disease","PM2.5",69.5942934688981,5.83060972787766
"birmingham",986969,"disability","diabetes","PM2.5",93.9764833859358,7.87334953643358
"birmingham",986969,"disability","ischaemic heart disease","PM2.5",19.7968587749501,1.658580777262
"birmingham",986969,"disability","lower respiratory infections","PM2.5",0.62233864426425,0.0521395300162502
"birmingham",986969,"disability","lung cancer","PM2.5",3.05965913283396,0.25633823428158
"birmingham",986969,"disability","stroke","PM2.5",30.5099954941498,2.55612734405004
"birmingham",986969,"new cases of asthma in children","new cases of asthma in children","NO2",17.9643855857675,0
"birmingham",986969,"new cases of asthma in children","number of children suffering from asthma due to pollution exposure (increased prevalence)","NO2",NA,0.414799874850042
"birmingham",986969,"preterm births","preterm births","PM2.5",15.4567741750171,4.40978338422645
"birmingham",986969,"work absence (sick leave days)","work absence (sick leave days)","PM2.5",27960.7210300853,6.41339506427281
"bradford",300478,"asthma emergency room visits, adults","asthma emergency room visits, adults","O3_8h",0,0
"bradford",300478,"asthma emergency room visits, adults","asthma emergency room visits, adults","PM2.5",0,0
"bradford",300478,"asthma emergency room visits, children","asthma emergency room visits, children","O3_8h",0,0
"bradford",300478,"asthma emergency room visits, children","asthma emergency room visits, children","PM2.5",0,0
"bradford",300478,"deaths","chronic obstructive pulmonary disease","O3_8h",0,0
"bradford",300478,"deaths","chronic obstructive pulmonary disease","PM2.5",NA,0
"bradford",300478,"deaths","lower respiratory infections in children","PM2.5",0,0
"bradford",300478,"deaths","non-communicable diseases and lower respiratory infections","NO2",29.2257784009158,39.3322447117532
"bradford",300478,"deaths","non-communicable diseases and lower respiratory infections","PM2.5",0,0
"bradford",300478,"disability","chronic obstructive pulmonary disease","PM2.5",0,0
"bradford",300478,"disability","diabetes","PM2.5",0,0
"bradford",300478,"disability","ischaemic heart disease","PM2.5",0,0
"bradford",300478,"disability","lower respiratory infections","PM2.5",0,0
"bradford",300478,"disability","lung cancer","PM2.5",0,0
"bradford",300478,"disability","stroke","PM2.5",0,0
"bradford",300478,"new cases of asthma in children","new cases of asthma in children","NO2",20.0325263423196,0
"bradford",300478,"new cases of asthma in children","number of children suffering from asthma due to pollution exposure (increased prevalence)","NO2",NA,0.462553499536752
"bradford",300478,"preterm births","preterm births","PM2.5",0,0
"bradford",300478,"work absence (sick leave days)","work absence (sick leave days)","PM2.5",0,0
"brighton",140152,"asthma emergency room visits, adults","asthma emergency room visits, adults","O3_8h",-6.40235560905228,-0.00435372540950694
"brighton",140152,"asthma emergency room visits, adults","asthma emergency room visits, adults","PM2.5",0,0
"brighton",140152,"asthma emergency room visits, children","asthma emergency room visits, children","O3_8h",-1.37305553190649,-0.000933704268078014
"brighton",140152,"asthma emergency room visits, children","asthma emergency room visits, children","PM2.5",0,0
"brighton",140152,"deaths","chronic obstructive pulmonary disease","O3_8h",-0.518419157937431,-0.64292741615706
"brighton",140152,"deaths","chronic obstructive pulmonary disease","PM2.5",NA,0
"brighton",140152,"deaths","lower respiratory infections in children","PM2.5",0,0
"brighton",140152,"deaths","non-communicable diseases and lower respiratory infections","NO2",0,0
"brighton",140152,"deaths","non-communicable diseases and lower respiratory infections","PM2.5",0,0
"brighton",140152,"disability","chronic obstructive pulmonary disease","PM2.5",0,0
"brighton",140152,"disability","diabetes","PM2.5",0,0
"brighton",140152,"disability","ischaemic heart disease","PM2.5",0,0
"brighton",140152,"disability","lower respiratory infections","PM2.5",0,0
"brighton",140152,"disability","lung cancer","PM2.5",0,0
"brighton",140152,"disability","stroke","PM2.5",0,0
"brighton",140152,"new cases of asthma in children","new cases of asthma in children","NO2",7.02946562829568,0
"brighton",140152,"new cases of asthma in children","number of children suffering from asthma due to pollution exposure (increased prevalence)","NO2",NA,0.162311226785836
"brighton",140152,"preterm births","preterm births","PM2.5",0,0
"brighton",140152,"work absence (sick leave days)","work absence (sick leave days)","PM2.5",0,0
"bristol",432967,"asthma emergency room visits, adults","asthma emergency room visits, adults","O3_8h",-27.3803713355308,-0.0186191810771475
"bristol",432967,"asthma emergency room visits, adults","asthma emergency room visits, adults","PM2.5",-0.0574628726512501,-3.9075862704547e-05
"bristol",432967,"asthma emergency room visits, children","asthma emergency room visits, children","O3_8h",-5.85110490583062,-0.0039788642896042
"bristol",432967,"asthma emergency room visits, children","asthma emergency room visits, children","PM2.5",-0.0342156930753177,-2.32673318138186e-05
"bristol",432967,"deaths","chronic obstructive pulmonary disease","O3_8h",0,0
"bristol",432967,"deaths","chronic obstructive pulmonary disease","PM2.5",NA,-0.0165660258653164
"bristol",432967,"deaths","lower respiratory infections in children","PM2.5",-4.68246618969964e-05,-0.000393178342852858
"bristol",432967,"deaths","non-communicable diseases and lower respiratory infections","NO2",82.8966066531337,111.56279822312
"bristol",432967,"deaths","non-communicable diseases and lower respiratory infections","PM2.5",-0.15145877669454,-0.203834217414975
"bristol",432967,"disability","chronic obstructive pulmonary disease","PM2.5",-0.109759544068652,-0.009195654319847
"bristol",432967,"disability","diabetes","PM2.5",-0.151245017602889,-0.0126713071858808
"bristol",432967,"disability","ischaemic heart disease","PM2.5",-0.0314617176308047,-0.00263586262221169
"bristol",432967,"disability","lower respiratory infections","PM2.5",-0.000985910812944191,-8.25996053734125e-05
"bristol",432967,"disability","lung cancer","PM2.5",-0.00482622196267535,-0.000404340863623423
"bristol",432967,"disability","stroke","PM2.5",-0.0479556955603471,-0.00401772805073764
"bristol",432967,"new cases of asthma in children","new cases of asthma in children","NO2",64.7253337730135,0
"bristol",432967,"new cases of asthma in children","number of children suffering from asthma due to pollution exposure (increased prevalence)","NO2",NA,1.49451592543993
"bristol",432967,"preterm births","preterm births","PM2.5",-0.0242215790459974,-0.00691036277086905
"bristol",432967,"work absence (sick leave days)","work absence (sick leave days)","PM2.5",-43.6494113959488,-0.0100119349320084
"cambridge",131301,"asthma emergency room visits, adults","asthma emergency room visits, adults","O3_8h",0,0
"cambridge",131301,"asthma emergency room visits, adults","asthma emergency room visits, adults","PM2.5",0,0
"cambridge",131301,"asthma emergency room visits, children","asthma emergency room visits, children","O3_8h",0,0
"cambridge",131301,"asthma emergency room visits, children","asthma emergency room visits, children","PM2.5",0,0
"cambridge",131301,"deaths","chronic obstructive pulmonary disease","O3_8h",0,0
"cambridge",131301,"deaths","chronic obstructive pulmonary disease","PM2.5",NA,0
"cambridge",131301,"deaths","lower respiratory infections in children","PM2.5",0,0
"cambridge",131301,"deaths","non-communicable diseases and lower respiratory infections","NO2",18.4001670621061,24.7630658008828
"cambridge",131301,"deaths","non-communicable diseases and lower respiratory infections","PM2.5",0,0
"cambridge",131301,"disability","chronic obstructive pulmonary disease","PM2.5",0,0
"cambridge",131301,"disability","diabetes","PM2.5",0,0
"cambridge",131301,"disability","ischaemic heart disease","PM2.5",0,0
"cambridge",131301,"disability","lower respiratory infections","PM2.5",0,0
"cambridge",131301,"disability","lung cancer","PM2.5",0,0
"cambridge",131301,"disability","stroke","PM2.5",0,0
"cambridge",131301,"new cases of asthma in children","new cases of asthma in children","NO2",14.7714977424754,0
"cambridge",131301,"new cases of asthma in children","number of children suffering from asthma due to pollution exposure (increased prevalence)","NO2",NA,0.341075701457935
"cambridge",131301,"preterm births","preterm births","PM2.5",0,0
"cambridge",131301,"work absence (sick leave days)","work absence (sick leave days)","PM2.5",0,0
"cardiff",304777,"asthma emergency room visits, adults","asthma emergency room visits, adults","O3_8h",-26.4708676350752,-0.0180007010031704
"cardiff",304777,"asthma emergency room visits, adults","asthma emergency room visits, adults","PM2.5",8.50926062526194,0.00578646149363197
"cardiff",304777,"asthma emergency room visits, children","asthma emergency room visits, children","O3_8h",-5.6338555622731,-0.00383113054205859
"cardiff",304777,"asthma emergency room visits, children","asthma emergency room visits, children","PM2.5",5.06889805245219,0.00344694852906304
"cardiff",304777,"deaths","chronic obstructive pulmonary disease","O3_8h",0,0
"cardiff",304777,"deaths","chronic obstructive pulmonary disease","PM2.5",NA,2.53155034205654
"cardiff",304777,"deaths","lower respiratory infections in children","PM2.5",0.00730033837579058,0.0612996405862621
"cardiff",304777,"deaths","non-communicable diseases and lower respiratory infections","NO2",0.651359575681739,0.876603999202807
"cardiff",304777,"deaths","non-communicable diseases and lower respiratory infections","PM2.5",23.7279473747998,31.9332275722716
"cardiff",304777,"disability","chronic obstructive pulmonary disease","PM2.5",16.7729915183084,1.40524118627577
"cardiff",304777,"disability","diabetes","PM2.5",27.1989401855561,2.27872713880972
"cardiff",304777,"disability","ischaemic heart disease","PM2.5",4.94431725309803,0.414234886751315
"cardiff",304777,"disability","lower respiratory infections","PM2.5",0.144178073898442,0.0120792386604888
"cardiff",304777,"disability","lung cancer","PM2.5",0.734974210116699,0.0615761374337504
"cardiff",304777,"disability","stroke","PM2.5",7.21188218582425,0.604211470984567
"cardiff",304777,"new cases of asthma in children","new cases of asthma in children","NO2",31.8900145655872,0
"cardiff",304777,"new cases of asthma in children","number of children suffering from asthma due to pollution exposure (increased prevalence)","NO2",NA,0.736344362439625
"cardiff",304777,"preterm births","preterm births","PM2.5",1.658962739593,0.473298389513406
"cardiff",304777,"work absence (sick leave days)","work absence (sick leave days)","PM2.5",6470.78489255205,1.48421422491972
"chatham",75948,"asthma emergency room visits, adults","asthma emergency room visits, adults","O3_8h",0,0
"chatham",75948,"asthma emergency room visits, adults","asthma emergency room visits, adults","PM2.5",3.31052043521891,0.00225121780444776
"chatham",75948,"asthma emergency room visits, children","asthma emergency room visits, children","O3_8h",0,0
"chatham",75948,"asthma emergency room visits, children","asthma emergency room visits, children","PM2.5",1.96625933926625,0.00133709430868539
"chatham",75948,"deaths","chronic obstructive pulmonary disease","O3_8h",0,0
"chatham",75948,"deaths","chronic obstructive pulmonary disease","PM2.5",NA,0.859333342273916
"chatham",75948,"deaths","lower respiratory infections in children","PM2.5",0.00231784484906958,0.0194625302100873
"chatham",75948,"deaths","non-communicable diseases and lower respiratory infections","NO2",1.28627459546563,1.73107680696642
"chatham",75948,"deaths","non-communicable diseases and lower respiratory infections","PM2.5",7.51612992344813,10.1152570644664
"chatham",75948,"disability","chronic obstructive pulmonary disease","PM2.5",5.69358255370535,0.477008331709623
"chatham",75948,"disability","diabetes","PM2.5",5.21043085490398,0.436529883626362
"chatham",75948,"disability","ischaemic heart disease","PM2.5",1.51155762414848,0.126638293864517
"chatham",75948,"disability","lower respiratory infections","PM2.5",0.0543581668188518,0.00455412707631318
"chatham",75948,"disability","lung cancer","PM2.5",0.252447903913688,0.0211500847407738
"chatham",75948,"disability","stroke","PM2.5",2.61610588418491,0.219177344250264
"chatham",75948,"new cases of asthma in children","new cases of asthma in children","NO2",5.95420729266802,0
"chatham",75948,"new cases of asthma in children","number of children suffering from asthma due to pollution exposure (increased prevalence)","NO2",NA,0.137483379436402
"chatham",75948,"preterm births","preterm births","PM2.5",1.35292200803596,0.385985647693185
"chatham",75948,"work absence (sick leave days)","work absence (sick leave days)","PM2.5",2498.42524353222,0.573067772754617
"coventry",309323,"asthma emergency room visits, adults","asthma emergency room visits, adults","O3_8h",-10.2055276381003,-0.00693995580823405
"coventry",309323,"asthma emergency room visits, adults","asthma emergency room visits, adults","PM2.5",13.0247035755195,0.00885704986893551
"coventry",309323,"asthma emergency room visits, children","asthma emergency room visits, children","O3_8h",-2.18083401083945,-0.00148300922764803
"coventry",309323,"asthma emergency room visits, children","asthma emergency room visits, children","PM2.5",7.75624488563851,0.00527439625396896
"coventry",309323,"deaths","chronic obstructive pulmonary disease","O3_8h",0,0
"coventry",309323,"deaths","chronic obstructive pulmonary disease","PM2.5",NA,3.81612028428869
"coventry",309323,"deaths","lower respiratory infections in children","PM2.5",0.0109172322986111,0.0916700544074605
"coventry",309323,"deaths","non-communicable diseases and lower respiratory infections","NO2",15.0101216154794,20.2007203515479
"coventry",309323,"deaths","non-communicable diseases and lower respiratory infections","PM2.5",35.4619694731253,47.724951655487
"coventry",309323,"disability","chronic obstructive pulmonary disease","PM2.5",25.284013554011,2.11829459054269
"coventry",309323,"disability","diabetes","PM2.5",38.6066737552882,3.23446702794936
"coventry",309323,"disability","ischaemic heart disease","PM2.5",7.35937619812073,0.616568518955517
"coventry",309323,"disability","lower respiratory infections","PM2.5",0.219895592981907,0.0184228522146104
"coventry",309323,"disability","lung cancer","PM2.5",1.10895706840377,0.0929084203394254
"coventry",309323,"disability","stroke","PM2.5",10.9414383920912,0.916673680355867
"coventry",309323,"new cases of asthma in children","new cases of asthma in children","NO2",28.319932467288,0
"coventry",309323,"new cases of asthma in children","number of children suffering from asthma due to pollution exposure (increased prevalence)","NO2",NA,0.653910727261357
"coventry",309323,"preterm births","preterm births","PM2.5",3.72500862767442,1.06273669825423
"coventry",309323,"work absence (sick leave days)","work absence (sick leave days)","PM2.5",9896.39168182353,2.26995110383689
"derby",236245,"asthma emergency room visits, adults","asthma emergency room visits, adults","O3_8h",0,0
"derby",236245,"asthma emergency room visits, adults","asthma emergency room visits, adults","PM2.5",0,0
"derby",236245,"asthma emergency room visits, children","asthma emergency room visits, children","O3_8h",0,0
"derby",236245,"asthma emergency room visits, children","asthma emergency room visits, children","PM2.5",0,0
"derby",236245,"deaths","chronic obstructive pulmonary disease","O3_8h",0,0
"derby",236245,"deaths","chronic obstructive pulmonary disease","PM2.5",NA,0
"derby",236245,"deaths","lower respiratory infections in children","PM2.5",0,0
"derby",236245,"deaths","non-communicable diseases and lower respiratory infections","NO2",41.8734761923081,56.3535995494998
"derby",236245,"deaths","non-communicable diseases and lower respiratory infections","PM2.5",0,0
"derby",236245,"disability","chronic obstructive pulmonary disease","PM2.5",0,0
"derby",236245,"disability","diabetes","PM2.5",0,0
"derby",236245,"disability","ischaemic heart disease","PM2.5",0,0
"derby",236245,"disability","lower respiratory infections","PM2.5",0,0
"derby",236245,"disability","lung cancer","PM2.5",0,0
"derby",236245,"disability","stroke","PM2.5",0,0
"derby",236245,"new cases of asthma in children","new cases of asthma in children","NO2",32.3233231348072,0
"derby",236245,"new cases of asthma in children","number of children suffering from asthma due to pollution exposure (increased prevalence)","NO2",NA,0.746349510649442
"derby",236245,"preterm births","preterm births","PM2.5",0,0
"derby",236245,"work absence (sick leave days)","work absence (sick leave days)","PM2.5",0,0
"doncaster",67523,"asthma emergency room visits, adults","asthma emergency room visits, adults","O3_8h",0,0
"doncaster",67523,"asthma emergency room visits, adults","asthma emergency room visits, adults","PM2.5",0,0
"doncaster",67523,"asthma emergency room visits, children","asthma emergency room visits, children","O3_8h",0,0
"doncaster",67523,"asthma emergency room visits, children","asthma emergency room visits, children","PM2.5",0,0
"doncaster",67523,"deaths","chronic obstructive pulmonary disease","O3_8h",0,0
"doncaster",67523,"deaths","chronic obstructive pulmonary disease","PM2.5",NA,0
"doncaster",67523,"deaths","lower respiratory infections in children","PM2.5",0,0
"doncaster",67523,"deaths","non-communicable diseases and lower respiratory infections","NO2",6.41218122091265,8.62955564287524
"doncaster",67523,"deaths","non-communicable diseases and lower respiratory infections","PM2.5",0,0
"doncaster",67523,"disability","chronic obstructive pulmonary disease","PM2.5",0,0
"doncaster",67523,"disability","diabetes","PM2.5",0,0
"doncaster",67523,"disability","ischaemic heart disease","PM2.5",0,0
"doncaster",67523,"disability","lower respiratory infections","PM2.5",0,0
"doncaster",67523,"disability","lung cancer","PM2.5",0,0
"doncaster",67523,"disability","stroke","PM2.5",0,0
"doncaster",67523,"new cases of asthma in children","new cases of asthma in children","NO2",5.07691663089016,0
"doncaster",67523,"new cases of asthma in children","number of children suffering from asthma due to pollution exposure (increased prevalence)","NO2",NA,0.117226630048831
"doncaster",67523,"preterm births","preterm births","PM2.5",0,0
"doncaster",67523,"work absence (sick leave days)","work absence (sick leave days)","PM2.5",0,0
"dundee",151236,"asthma emergency room visits, adults","asthma emergency room visits, adults","O3_8h",0,0
"dundee",151236,"asthma emergency room visits, adults","asthma emergency room visits, adults","PM2.5",0,0
"dundee",151236,"asthma emergency room visits, children","asthma emergency room visits, children","O3_8h",0,0
"dundee",151236,"asthma emergency room visits, children","asthma emergency room visits, children","PM2.5",0,0
"dundee",151236,"deaths","chronic obstructive pulmonary disease","O3_8h",0,0
"dundee",151236,"deaths","chronic obstructive pulmonary disease","PM2.5",NA,0
"dundee",151236,"deaths","lower respiratory infections in children","PM2.5",0,0
"dundee",151236,"deaths","non-communicable diseases and lower respiratory infections","NO2",0,0
"dundee",151236,"deaths","non-communicable diseases and lower respiratory infections","PM2.5",0,0
"dundee",151236,"disability","chronic obstructive pulmonary disease","PM2.5",0,0
"dundee",151236,"disability","diabetes","PM2.5",0,0
"dundee",151236,"disability","ischaemic heart disease","PM2.5",0,0
"dundee",151236,"disability","lower respiratory infections","PM2.5",0,0
"dundee",151236,"disability","lung cancer","PM2.5",0,0
"dundee",151236,"disability","stroke","PM2.5",0,0
"dundee",151236,"new cases of asthma in children","new cases of asthma in children","NO2",3.82688587243077,0
"dundee",151236,"new cases of asthma in children","number of children suffering from asthma due to pollution exposure (increased prevalence)","NO2",NA,0.0883632659392094
"dundee",151236,"preterm births","preterm births","PM2.5",0,0
"dundee",151236,"work absence (sick leave days)","work absence (sick leave days)","PM2.5",0,0
"edinburgh",438501,"asthma emergency room visits, adults","asthma emergency room visits, adults","O3_8h",-17.8700251202731,-0.0121519620566932
"edinburgh",438501,"asthma emergency room visits, adults","asthma emergency room visits, adults","PM2.5",2.28238756392389,0.0015520676042031
"edinburgh",438501,"asthma emergency room visits, children","asthma emergency room visits, children","O3_8h",-3.81317234723991,-0.00259303080815046
"edinburgh",438501,"asthma emergency room visits, children","asthma emergency room visits, children","PM2.5",1.36313559187878,0.000926958517358017
"edinburgh",438501,"deaths","chronic obstructive pulmonary disease","O3_8h",0,0
"edinburgh",438501,"deaths","chronic obstructive pulmonary disease","PM2.5",NA,3.8343298560219
"edinburgh",438501,"deaths","lower respiratory infections in children","PM2.5",0.0131453872508675,0.110379474534719
"edinburgh",438501,"deaths","non-communicable diseases and lower respiratory infections","NO2",61.5632098590344,82.852172564912
"edinburgh",438501,"deaths","non-communicable diseases and lower respiratory infections","PM2.5",42.8735792614006,57.6995448348883
"edinburgh",438501,"disability","chronic obstructive pulmonary disease","PM2.5",25.4046625441413,2.12840256262559
"edinburgh",438501,"disability","diabetes","PM2.5",96.346748077208,8.07193030617375
"edinburgh",438501,"disability","ischaemic heart disease","PM2.5",9.23089826048561,0.773364632528233
"edinburgh",438501,"disability","lower respiratory infections","PM2.5",0.177712601245924,0.0148887612754341
"edinburgh",438501,"disability","lung cancer","PM2.5",1.1021798604139,0.0923406258714604
"edinburgh",438501,"disability","stroke","PM2.5",10.1632241025352,0.851474889177877
"edinburgh",438501,"new cases of asthma in children","new cases of asthma in children","NO2",68.3646121377591,0
"edinburgh",438501,"new cases of asthma in children","number of children suffering from asthma due to pollution exposure (increased prevalence)","NO2",NA,1.57854731092951
"edinburgh",438501,"preterm births","preterm births","PM2.5",0,0
"edinburgh",438501,"work absence (sick leave days)","work absence (sick leave days)","PM2.5",8113.68787005183,1.86104949449803
"exeter",114697,"asthma emergency room visits, adults","asthma emergency room visits, adults","O3_8h",-11.1180458048181,-0.00756048577746272
"exeter",114697,"asthma emergency room visits, adults","asthma emergency room visits, adults","PM2.5",0,0
"exeter",114697,"asthma emergency room visits, children","asthma emergency room visits, children","O3_8h",-2.35199101125314,-0.00159939929205845
"exeter",114697,"asthma emergency room visits, children","asthma emergency room visits, children","PM2.5",0,0
"exeter",114697,"deaths","chronic obstructive pulmonary disease","O3_8h",0,0
"exeter",114697,"deaths","chronic obstructive pulmonary disease","PM2.5",NA,0
"exeter",114697,"deaths","lower respiratory infections in children","PM2.5",0,0
"exeter",114697,"deaths","non-communicable diseases and lower respiratory infections","NO2",18.4759912130672,24.8651104417389
"exeter",114697,"deaths","non-communicable diseases and lower respiratory infections","PM2.5",0,0
"exeter",114697,"disability","chronic obstructive pulmonary disease","PM2.5",0,0
"exeter",114697,"disability","diabetes","PM2.5",0,0
"exeter",114697,"disability","ischaemic heart disease","PM2.5",0,0
"exeter",114697,"disability","lower respiratory infections","PM2.5",0,0
"exeter",114697,"disability","lung cancer","PM2.5",0,0
"exeter",114697,"disability","stroke","PM2.5",0,0
"exeter",114697,"new cases of asthma in children","new cases of asthma in children","NO2",14.7629520945911,0
"exeter",114697,"new cases of asthma in children","number of children suffering from asthma due to pollution exposure (increased prevalence)","NO2",NA,0.340878381396193
"exeter",114697,"preterm births","preterm births","PM2.5",0,0
"exeter",114697,"work absence (sick leave days)","work absence (sick leave days)","PM2.5",0,0
"glasgow",607192,"asthma emergency room visits, adults","asthma emergency room visits, adults","O3_8h",-19.8946592067753,-0.013528752320404
"glasgow",607192,"asthma emergency room visits, adults","asthma emergency room visits, adults","PM2.5",0.20090888422942,0.000136621919755374
"glasgow",607192,"asthma emergency room visits, children","asthma emergency room visits, children","O3_8h",-4.20876868254888,-0.00286204395301659
"glasgow",607192,"asthma emergency room visits, children","asthma emergency room visits, children","PM2.5",0.120001740013553,8.16034998030024e-05
"glasgow",607192,"deaths","chronic obstructive pulmonary disease","O3_8h",0,0
"glasgow",607192,"deaths","chronic obstructive pulmonary disease","PM2.5",NA,3.80094049747811
"glasgow",607192,"deaths","lower respiratory infections in children","PM2.5",0.0131491582904313,0.110411139282022
"glasgow",607192,"deaths","non-communicable diseases and lower respiratory infections","NO2",140.330896767118,188.858243450278
"glasgow",607192,"deaths","non-communicable diseases and lower respiratory infections","PM2.5",43.1525993631273,58.075051922161
"glasgow",607192,"disability","chronic obstructive pulmonary disease","PM2.5",25.1834386489049,2.10986842525151
"glasgow",607192,"disability","diabetes","PM2.5",99.541867795002,8.33961742791496
"glasgow",607192,"disability","ischaemic heart disease","PM2.5",9.27295267339569,0.776887951133707
"glasgow",607192,"disability","lower respiratory infections","PM2.5",0.172802934186264,0.0144774293818
"glasgow",607192,"disability","lung cancer","PM2.5",1.09166603587287,0.0914597776784472
"glasgow",607192,"disability","stroke","PM2.5",10.0352529941359,0.840753470045233
"glasgow",607192,"new cases of asthma in children","new cases of asthma in children","NO2",108.34585909981,0
"glasgow",607192,"new cases of asthma in children","number of children suffering from asthma due to pollution exposure (increased prevalence)","NO2",NA,2.50171922555074
"glasgow",607192,"preterm births","preterm births","PM2.5",0,0
"glasgow",607192,"work absence (sick leave days)","work absence (sick leave days)","PM2.5",7956.67125355524,1.8250343433807
"leeds",457875,"asthma emergency room visits, adults","asthma emergency room visits, adults","O3_8h",-54.7586673480844,-0.0372369508946071
"leeds",457875,"asthma emergency room visits, adults","asthma emergency room visits, adults","PM2.5",23.0848769928965,0.0156981620010627
"leeds",457875,"asthma emergency room visits, children","asthma emergency room visits, children","O3_8h",-11.6347659143172,-0.00791186542703243
"leeds",457875,"asthma emergency room visits, children","asthma emergency room visits, children","PM2.5",13.7306065184583,0.00933707749735603
"leeds",457875,"deaths","chronic obstructive pulmonary disease","O3_8h",0,0
"leeds",457875,"deaths","chronic obstructive pulmonary disease","PM2.5",NA,6.37656946298933
"leeds",457875,"deaths","lower respiratory infections in children","PM2.5",0.0177049791497145,0.148665555293145
"leeds",457875,"deaths","non-communicable diseases and lower respiratory infections","NO2",65.3711741894944,87.9769559956447
"leeds",457875,"deaths","non-communicable diseases and lower respiratory infections","PM2.5",57.358159616836,77.1929883035895
"leeds",457875,"disability","chronic obstructive pulmonary disease","PM2.5",42.2484766515599,3.53957726523491
"leeds",457875,"disability","diabetes","PM2.5",50.3211879414529,4.21590899634492
"leeds",457875,"disability","ischaemic heart disease","PM2.5",11.7315457115371,0.982868869547457
"leeds",457875,"disability","lower respiratory infections","PM2.5",0.386284878965377,0.0323629461664716
"leeds",457875,"disability","lung cancer","PM2.5",1.86193334081251,0.155992770505715
"leeds",457875,"disability","stroke","PM2.5",18.7959724353981,1.57472652230789
"leeds",457875,"new cases of asthma in children","new cases of asthma in children","NO2",60.4837554384143,0
"leeds",457875,"new cases of asthma in children","number of children suffering from asthma due to pollution exposure (increased prevalence)","NO2",NA,1.39657735949464
"leeds",457875,"preterm births","preterm births","PM2.5",9.60064573666508,2.73904293146881
"leeds",457875,"work absence (sick leave days)","work absence (sick leave days)","PM2.5",17486.02888166,4.01079826241619
"leicester",341201,"asthma emergency room visits, adults","asthma emergency room visits, adults","O3_8h",7.90006981570434,0.00537219998290623
"leicester",341201,"asthma emergency room visits, adults","asthma emergency room visits, adults","PM2.5",11.5080221372832,0.00782567721190276
"leicester",341201,"asthma emergency room visits, children","asthma emergency room visits, children","O3_8h",1.68320549684398,0.0011446122315777
"leicester",341201,"asthma emergency room visits, children","asthma emergency room visits, children","PM2.5",6.85623608677017,0.00466237289636716
"leicester",341201,"deaths","chronic obstructive pulmonary disease","O3_8h",0,0
"leicester",341201,"deaths","chronic obstructive pulmonary disease","PM2.5",NA,3.44540846227058
"leicester",341201,"deaths","lower respiratory infections in children","PM2.5",0.00996816853935151,0.0837009351226626
"leicester",341201,"deaths","non-communicable diseases and lower respiratory infections","NO2",39.6263377399379,53.3293858468788
"leicester",341201,"deaths","non-communicable diseases and lower respiratory infections","PM2.5",32.3941712168656,43.5962885935062
"leicester",341201,"disability","chronic obstructive pulmonary disease","PM2.5",22.8278323976863,1.91251573958135
"leicester",341201,"disability","diabetes","PM2.5",37.8941469270927,3.17477153211525
"leicester",341201,"disability","ischaemic heart disease","PM2.5",6.76561577618929,0.566823272332828
"leicester",341201,"disability","lower respiratory infections","PM2.5",0.195580072600629,0.016385697979589
"leicester",341201,"disability","lung cancer","PM2.5",1.00005375861277,0.0837845013251571
"leicester",341201,"disability","stroke","PM2.5",9.79184082990817,0.820360399552113
"leicester",341201,"new cases of asthma in children","new cases of asthma in children","NO2",31.7293694968297,0
"leicester",341201,"new cases of asthma in children","number of children suffering from asthma due to pollution exposure (increased prevalence)","NO2",NA,0.732635048024292
"leicester",341201,"preterm births","preterm births","PM2.5",1.70477416159603,0.486368286586967
"leicester",341201,"work absence (sick leave days)","work absence (sick leave days)","PM2.5",8754.45848897828,2.00802407073775
"liverpool",468584,"asthma emergency room visits, adults","asthma emergency room visits, adults","O3_8h",-40.1565380412999,-0.027307221076731
"liverpool",468584,"asthma emergency room visits, adults","asthma emergency room visits, adults","PM2.5",20.743298873516,0.0141058436764951
"liverpool",468584,"asthma emergency room visits, children","asthma emergency room visits, children","O3_8h",-8.57847260330684,-0.00583352697481678
"liverpool",468584,"asthma emergency room visits, children","asthma emergency room visits, children","PM2.5",12.3471982148339,0.00839633314465301
"liverpool",468584,"deaths","chronic obstructive pulmonary disease","O3_8h",0,0
"liverpool",468584,"deaths","chronic obstructive pulmonary disease","PM2.5",NA,5.93690477957007
"liverpool",468584,"deaths","lower respiratory infections in children","PM2.5",0.0167742029571798,0.140849993447706
"liverpool",468584,"deaths","non-communicable diseases and lower respiratory infections","NO2",0,0
"liverpool",468584,"deaths","non-communicable diseases and lower respiratory infections","PM2.5",54.4041890323227,73.2175152705851
"liverpool",468584,"disability","chronic obstructive pulmonary disease","PM2.5",39.3354427357894,3.29552329126188
"liverpool",468584,"disability","diabetes","PM2.5",54.3568107231685,4.55401346262032
"liverpool",468584,"disability","ischaemic heart disease","PM2.5",11.2310549536646,0.940937755139796
"liverpool",468584,"disability","lower respiratory infections","PM2.5",0.349861790121012,0.0293114198767447
"liverpool",468584,"disability","lung cancer","PM2.5",1.72861673673711,0.144823505759072
"liverpool",468584,"disability","stroke","PM2.5",17.2100485515135,1.4418578233939
"liverpool",468584,"new cases of asthma in children","new cases of asthma in children","NO2",30.571542890238,0
"liverpool",468584,"new cases of asthma in children","number of children suffering from asthma due to pollution exposure (increased prevalence)","NO2",NA,0.705900689132955
"liverpool",468584,"preterm births","preterm births","PM2.5",8.21102290011715,2.34258661881495
"liverpool",468584,"work absence (sick leave days)","work absence (sick leave days)","PM2.5",15743.0457308664,3.61100744427589
"london",7489022,"asthma emergency room visits, adults","asthma emergency room visits, adults","O3_8h",-997.074562802663,-0.678029950899515
"london",7489022,"asthma emergency room visits, adults","asthma emergency room visits, adults","PM2.5",84.9093641724229,0.0577400067843585
"london",7489022,"asthma emergency room visits, children","asthma emergency room visits, children","O3_8h",-210.954867650825,-0.143453382416308
"london",7489022,"asthma emergency room visits, children","asthma emergency room visits, children","PM2.5",50.5314875933523,0.0343623870570863
"london",7489022,"deaths","chronic obstructive pulmonary disease","O3_8h",0,0
"london",7489022,"deaths","chronic obstructive pulmonary disease","PM2.5",NA,24.2034843562814
"london",7489022,"deaths","lower respiratory infections in children","PM2.5",0.0683050599484902,0.573545417970039
"london",7489022,"deaths","non-communicable diseases and lower respiratory infections","NO2",1341.62624977957,1805.56942724195
"london",7489022,"deaths","non-communicable diseases and lower respiratory infections","PM2.5",221.871626957356,298.596294215662
"london",7489022,"disability","chronic obstructive pulmonary disease","PM2.5",160.362142943453,13.435139923466
"london",7489022,"disability","diabetes","PM2.5",219.679992730969,18.4047892261412
"london",7489022,"disability","ischaemic heart disease","PM2.5",45.6147821598979,3.82160633206773
"london",7489022,"disability","lower respiratory infections","PM2.5",1.41480341042228,0.118532226087319
"london",7489022,"disability","lung cancer","PM2.5",7.04199870731696,0.589978633592045
"london",7489022,"disability","stroke","PM2.5",70.1449412089678,5.87674299412484
"london",7489022,"new cases of asthma in children","new cases of asthma in children","NO2",1015.7453286711,0
"london",7489022,"new cases of asthma in children","number of children suffering from asthma due to pollution exposure (increased prevalence)","NO2",NA,23.4536846918989
"london",7489022,"preterm births","preterm births","PM2.5",35.556951471066,10.144319378379
"london",7489022,"work absence (sick leave days)","work absence (sick leave days)","PM2.5",64409.4157808309,14.7736901640341
"luton",195617,"asthma emergency room visits, adults","asthma emergency room visits, adults","O3_8h",0,0
"luton",195617,"asthma emergency room visits, adults","asthma emergency room visits, adults","PM2.5",0,0
"luton",195617,"asthma emergency room visits, children","asthma emergency room visits, children","O3_8h",0,0
"luton",195617,"asthma emergency room visits, children","asthma emergency room visits, children","PM2.5",0,0
"luton",195617,"deaths","chronic obstructive pulmonary disease","O3_8h",0,0
"luton",195617,"deaths","chronic obstructive pulmonary disease","PM2.5",NA,0
"luton",195617,"deaths","lower respiratory infections in children","PM2.5",0,0
"luton",195617,"deaths","non-communicable diseases and lower respiratory infections","NO2",32.2150285443332,43.3551972070698
"luton",195617,"deaths","non-communicable diseases and lower respiratory infections","PM2.5",0,0
"luton",195617,"disability","chronic obstructive pulmonary disease","PM2.5",0,0
"luton",195617,"disability","diabetes","PM2.5",0,0
"luton",195617,"disability","ischaemic heart disease","PM2.5",0,0
"luton",195617,"disability","lower respiratory infections","PM2.5",0,0
"luton",195617,"disability","lung cancer","PM2.5",0,0
"luton",195617,"disability","stroke","PM2.5",0,0
"luton",195617,"new cases of asthma in children","new cases of asthma in children","NO2",23.1416567779551,0
"luton",195617,"new cases of asthma in children","number of children suffering from asthma due to pollution exposure (increased prevalence)","NO2",NA,0.534343704074322
"luton",195617,"preterm births","preterm births","PM2.5",0,0
"luton",195617,"work absence (sick leave days)","work absence (sick leave days)","PM2.5",0,0
"manchester",395514,"asthma emergency room visits, adults","asthma emergency room visits, adults","O3_8h",-32.8577975365914,-0.0223439366337647
"manchester",395514,"asthma emergency room visits, adults","asthma emergency room visits, adults","PM2.5",10.0397561662046,0.00682722800718175
"manchester",395514,"asthma emergency room visits, children","asthma emergency room visits, children","O3_8h",-6.92129507741514,-0.00470661426594795
"manchester",395514,"asthma emergency room visits, children","asthma emergency room visits, children","PM2.5",5.97873160638197,0.00406565290977026
"manchester",395514,"deaths","chronic obstructive pulmonary disease","O3_8h",0,0
"manchester",395514,"deaths","chronic obstructive pulmonary disease","PM2.5",NA,2.93876088524968
"manchester",395514,"deaths","lower respiratory infections in children","PM2.5",0.00839994828655798,0.07053286908135
"manchester",395514,"deaths","non-communicable diseases and lower respiratory infections","NO2",60.1393300863408,80.9359058057708
"manchester",395514,"deaths","non-communicable diseases and lower respiratory infections","PM2.5",27.2767066889576,36.7091711879666
"manchester",395514,"disability","chronic obstructive pulmonary disease","PM2.5",19.4709979034375,1.63128015428455
"manchester",395514,"disability","diabetes","PM2.5",29.5077779427432,2.47216156017018
"manchester",395514,"disability","ischaemic heart disease","PM2.5",5.66108371796433,0.474285579334805
"manchester",395514,"disability","lower respiratory infections","PM2.5",0.16981736446924,0.0142272983585844
"manchester",395514,"disability","lung cancer","PM2.5",0.854167685071386,0.071562166458974
"manchester",395514,"disability","stroke","PM2.5",8.43167865675824,0.706406016182973
"manchester",395514,"new cases of asthma in children","new cases of asthma in children","NO2",51.0972354608014,0
"manchester",395514,"new cases of asthma in children","number of children suffering from asthma due to pollution exposure (increased prevalence)","NO2",NA,1.17984145759572
"manchester",395514,"preterm births","preterm births","PM2.5",3.35495064111532,0.957159975591986
"manchester",395514,"work absence (sick leave days)","work absence (sick leave days)","PM2.5",7628.47677589732,1.74975585392872
"middlesbrough",142587,"asthma emergency room visits, adults","asthma emergency room visits, adults","O3_8h",-2.14837407702078,-0.00146093584602309
"middlesbrough",142587,"asthma emergency room visits, adults","asthma emergency room visits, adults","PM2.5",4.92303590496228,0.00334775945294952
"middlesbrough",142587,"asthma emergency room visits, children","asthma emergency room visits, children","O3_8h",-0.456932405626304,-0.000310722856754412
"middlesbrough",142587,"asthma emergency room visits, children","asthma emergency room visits, children","PM2.5",2.93604484329387,0.00199656717281165
"middlesbrough",142587,"deaths","chronic obstructive pulmonary disease","O3_8h",0,0
"middlesbrough",142587,"deaths","chronic obstructive pulmonary disease","PM2.5",NA,1.56717774341816
"middlesbrough",142587,"deaths","lower respiratory infections in children","PM2.5",0.00474412160479855,0.0398355438202793
"middlesbrough",142587,"deaths","non-communicable diseases and lower respiratory infections","NO2",0,0
"middlesbrough",142587,"deaths","non-communicable diseases and lower respiratory infections","PM2.5",15.4247878684816,20.7587809209895
"middlesbrough",142587,"disability","chronic obstructive pulmonary disease","PM2.5",10.3834628770133,0.869926493137354
"middlesbrough",142587,"disability","diabetes","PM2.5",22.7043826639667,1.90217312120774
"middlesbrough",142587,"disability","ischaemic heart disease","PM2.5",3.26096544642521,0.273203676716639
"middlesbrough",142587,"disability","lower respiratory infections","PM2.5",0.0835587627342971,0.00700055292702619
"middlesbrough",142587,"disability","lung cancer","PM2.5",0.453104822003824,0.0379611208224197
"middlesbrough",142587,"disability","stroke","PM2.5",4.34340064867236,0.363890095177659
"middlesbrough",142587,"new cases of asthma in children","new cases of asthma in children","NO2",5.39466120655628,0
"middlesbrough",142587,"new cases of asthma in children","number of children suffering from asthma due to pollution exposure (increased prevalence)","NO2",NA,0.124563391419898
"middlesbrough",142587,"preterm births","preterm births","PM2.5",0,0
"middlesbrough",142587,"work absence (sick leave days)","work absence (sick leave days)","PM2.5",3754.98911693265,0.861287827414104
"newport",117636,"asthma emergency room visits, adults","asthma emergency room visits, adults","O3_8h",0,0
"newport",117636,"asthma emergency room visits, adults","asthma emergency room visits, adults","PM2.5",0.521179301303961,0.000354411986080231
"newport",117636,"asthma emergency room visits, children","asthma emergency room visits, children","O3_8h",0,0
"newport",117636,"asthma emergency room visits, children","asthma emergency room visits, children","PM2.5",0.310670245309491,0.00021126176419649
"newport",117636,"deaths","chronic obstructive pulmonary disease","O3_8h",0,0
"newport",117636,"deaths","chronic obstructive pulmonary disease","PM2.5",NA,0.158989889367791
"newport",117636,"deaths","lower respiratory infections in children","PM2.5",0.000463734899130982,0.003893899320928
"newport",117636,"deaths","non-communicable diseases and lower respiratory infections","NO2",0,0
"newport",117636,"deaths","non-communicable diseases and lower respiratory infections","PM2.5",1.50429343554039,2.02448799526606
"newport",117636,"disability","chronic obstructive pulmonary disease","PM2.5",1.05340036955235,0.0882538802525052
"newport",117636,"disability","diabetes","PM2.5",1.84806518445133,0.154830896401433
"newport",117636,"disability","ischaemic heart disease","PM2.5",0.317010214964085,0.0265591149945681
"newport",117636,"disability","lower respiratory infections","PM2.5",0.00900619244596057,0.000754538779965103
"newport",117636,"disability","lung cancer","PM2.5",0.0461423662347493,0.00386580732450221
"newport",117636,"disability","stroke","PM2.5",0.449118726963746,0.0376271657902112
"newport",117636,"new cases of asthma in children","new cases of asthma in children","NO2",5.03670943229486,0
"newport",117636,"new cases of asthma in children","number of children suffering from asthma due to pollution exposure (increased prevalence)","NO2",NA,0.116298240883181
"newport",117636,"preterm births","preterm births","PM2.5",0,0
"newport",117636,"work absence (sick leave days)","work absence (sick leave days)","PM2.5",397.010873507737,0.0910630156453233
"northampton",199112,"asthma emergency room visits, adults","asthma emergency room visits, adults","O3_8h",-0.919798118263145,-0.000625480476816505
"northampton",199112,"asthma emergency room visits, adults","asthma emergency room visits, adults","PM2.5",-0.432452549522317,-0.000294076082028201
"northampton",199112,"asthma emergency room visits, children","asthma emergency room visits, children","O3_8h",-0.198244395228272,-0.00013481001579752
"northampton",199112,"asthma emergency room visits, children","asthma emergency room visits, children","PM2.5",-0.257371270430195,-0.000175017432359536
"northampton",199112,"deaths","chronic obstructive pulmonary disease","O3_8h",-0.130793594536211,-0.162206173320486
"northampton",199112,"deaths","chronic obstructive pulmonary disease","PM2.5",NA,-0.123361074492127
"northampton",199112,"deaths","lower respiratory infections in children","PM2.5",-0.000348174331117522,-0.00292355782159959
"northampton",199112,"deaths","non-communicable diseases and lower respiratory infections","NO2",0,0
"northampton",199112,"deaths","non-communicable diseases and lower respiratory infections","PM2.5",-1.1306502863309,-1.521636588608
"northampton",199112,"disability","chronic obstructive pulmonary disease","PM2.5",-0.817338775283815,-0.0684766404916681
"northampton",199112,"disability","diabetes","PM2.5",-1.12009146576332,-0.0938412601215802
"northampton",199112,"disability","ischaemic heart disease","PM2.5",-0.232604688946424,-0.0194876202418394
"northampton",199112,"disability","lower respiratory infections","PM2.5",-0.00721920801680676,-0.000604825229085436
"northampton",199112,"disability","lung cancer","PM2.5",-0.0358949003117184,-0.00300727465581981
"northampton",199112,"disability","stroke","PM2.5",-0.357490698352144,-0.029950569788733
"northampton",199112,"new cases of asthma in children","new cases of asthma in children","NO2",7.27370843011057,0
"northampton",199112,"new cases of asthma in children","number of children suffering from asthma due to pollution exposure (increased prevalence)","NO2",NA,0.16795082314955
"northampton",199112,"preterm births","preterm births","PM2.5",-0.181172698553566,-0.0516881690002499
"northampton",199112,"work absence (sick leave days)","work absence (sick leave days)","PM2.5",-328.073538775388,-0.0752507495080922
"oxford",157568,"asthma emergency room visits, adults","asthma emergency room visits, adults","O3_8h",0,0
"oxford",157568,"asthma emergency room visits, adults","asthma emergency room visits, adults","PM2.5",5.94409865521047,0.004042101834396
"oxford",157568,"asthma emergency room visits, children","asthma emergency room visits, children","O3_8h",0,0
"oxford",157568,"asthma emergency room visits, children","asthma emergency room visits, children","PM2.5",3.54262269898684,0.00240905182446717
"oxford",157568,"deaths","chronic obstructive pulmonary disease","O3_8h",0,0
"oxford",157568,"deaths","chronic obstructive pulmonary disease","PM2.5",NA,1.82438428939556
"oxford",157568,"deaths","lower respiratory infections in children","PM2.5",0.00537385928592198,0.0451233389236551
"oxford",157568,"deaths","non-communicable diseases and lower respiratory infections","NO2",26.1668231996573,35.2154826913301
"oxford",157568,"deaths","non-communicable diseases and lower respiratory infections","PM2.5",17.5024148278991,23.5548649419708
"oxford",157568,"disability","chronic obstructive pulmonary disease","PM2.5",12.0876056477344,1.01269957008654
"oxford",157568,"disability","diabetes","PM2.5",22.6584515794017,1.89832501506099
"oxford",157568,"disability","ischaemic heart disease","PM2.5",3.66702522849638,0.307223364214468
"oxford",157568,"disability","lower respiratory infections","PM2.5",0.100369898709518,0.008408989855804
"oxford",157568,"disability","lung cancer","PM2.5",0.528406258139574,0.0442698749482515
"oxford",157568,"disability","stroke","PM2.5",5.12688084927782,0.429530064369834
"oxford",157568,"new cases of asthma in children","new cases of asthma in children","NO2",22.8155731129897,0
"oxford",157568,"new cases of asthma in children","number of children suffering from asthma due to pollution exposure (increased prevalence)","NO2",NA,0.526814392104675
"oxford",157568,"preterm births","preterm births","PM2.5",0.279661441743833,0.0797867889539382
"oxford",157568,"work absence (sick leave days)","work absence (sick leave days)","PM2.5",4525.96802587663,1.03812848627835
"plymouth",247923,"asthma emergency room visits, adults","asthma emergency room visits, adults","O3_8h",-35.0817005213181,-0.0238562335950883
"plymouth",247923,"asthma emergency room visits, adults","asthma emergency room visits, adults","PM2.5",11.68370782433,0.00794514687064844
"plymouth",247923,"asthma emergency room visits, children","asthma emergency room visits, children","O3_8h",-7.47175813318432,-0.00508093977037772
"plymouth",247923,"asthma emergency room visits, children","asthma emergency room visits, children","PM2.5",6.93700263484982,0.00471729570823274
"plymouth",247923,"deaths","chronic obstructive pulmonary disease","O3_8h",0,0
"plymouth",247923,"deaths","chronic obstructive pulmonary disease","PM2.5",NA,2.99730444123641
"plymouth",247923,"deaths","lower respiratory infections in children","PM2.5",0.00804769814697295,0.0675750874222655
"plymouth",247923,"deaths","non-communicable diseases and lower respiratory infections","NO2",0,0
"plymouth",247923,"deaths","non-communicable diseases and lower respiratory infections","PM2.5",26.1365519354727,35.1747434249772
"plymouth",247923,"disability","chronic obstructive pulmonary disease","PM2.5",19.8588829680573,1.66377716400104
"plymouth",247923,"disability","diabetes","PM2.5",17.4664735963289,1.46334111298919
"plymouth",247923,"disability","ischaemic heart disease","PM2.5",5.23211525266136,0.43834660241472
"plymouth",247923,"disability","lower respiratory infections","PM2.5",0.189798835521183,0.0159013459519382
"plymouth",247923,"disability","lung cancer","PM2.5",0.881187241121878,0.0738258647954091
"plymouth",247923,"disability","stroke","PM2.5",9.17433883673011,0.768626084151427
"plymouth",247923,"new cases of asthma in children","new cases of asthma in children","NO2",20.7008611085254,0
"plymouth",247923,"new cases of asthma in children","number of children suffering from asthma due to pollution exposure (increased prevalence)","NO2",NA,0.47798543157008
"plymouth",247923,"preterm births","preterm births","PM2.5",4.7541479569537,1.35634786594826
"plymouth",247923,"work absence (sick leave days)","work absence (sick leave days)","PM2.5",8809.57904889924,2.02066716125593
"portsmouth",195845,"asthma emergency room visits, adults","asthma emergency room visits, adults","O3_8h",0,0
"portsmouth",195845,"asthma emergency room visits, adults","asthma emergency room visits, adults","PM2.5",-4.35272945910899,-0.00295994006019252
"portsmouth",195845,"asthma emergency room visits, children","asthma emergency room visits, children","O3_8h",0,0
"portsmouth",195845,"asthma emergency room visits, children","asthma emergency room visits, children","PM2.5",-2.58561194589258,-0.00175826603758793
"portsmouth",195845,"deaths","chronic obstructive pulmonary disease","O3_8h",0,0
"portsmouth",195845,"deaths","chronic obstructive pulmonary disease","PM2.5",NA,-1.13796566138652
"portsmouth",195845,"deaths","lower respiratory infections in children","PM2.5",-0.00308138473074945,-0.0258738385510085
"portsmouth",195845,"deaths","non-communicable diseases and lower respiratory infections","NO2",0,0
"portsmouth",195845,"deaths","non-communicable diseases and lower respiratory infections","PM2.5",-9.99120304439447,-13.446226742574
"portsmouth",195845,"disability","chronic obstructive pulmonary disease","PM2.5",-7.5396835170406,-0.631674665671002
"portsmouth",195845,"disability","diabetes","PM2.5",-7.14242257082043,-0.598392144618142
"portsmouth",195845,"disability","ischaemic heart disease","PM2.5",-2.01101608377184,-0.168482922327513
"portsmouth",195845,"disability","lower respiratory infections","PM2.5",-0.0713598725168219,-0.00597852993597292
"portsmouth",195845,"disability","lung cancer","PM2.5",-0.333875919511245,-0.0279721236781628
"portsmouth",195845,"disability","stroke","PM2.5",-3.44703615121194,-0.288792679885231
"portsmouth",195845,"new cases of asthma in children","new cases of asthma in children","NO2",0.388741608788649,0
"portsmouth",195845,"new cases of asthma in children","number of children suffering from asthma due to pollution exposure (increased prevalence)","NO2",NA,0.0089760916066221
"portsmouth",195845,"preterm births","preterm births","PM2.5",-1.78170568645684,-0.508316679971841
"portsmouth",195845,"work absence (sick leave days)","work absence (sick leave days)","PM2.5",-3286.08696767844,-0.753734995481832
"preston",192001,"asthma emergency room visits, adults","asthma emergency room visits, adults","O3_8h",-21.8281599134605,-0.0148435701265399
"preston",192001,"asthma emergency room visits, adults","asthma emergency room visits, adults","PM2.5",2.20155899810882,0.0014971026190802
"preston",192001,"asthma emergency room visits, children","asthma emergency room visits, children","O3_8h",-4.6364039692232,-0.0031528442033125
"preston",192001,"asthma emergency room visits, children","asthma emergency room visits, children","PM2.5",1.31284574469937,0.0008927604504472
"preston",192001,"deaths","chronic obstructive pulmonary disease","O3_8h",0,0
"preston",192001,"deaths","chronic obstructive pulmonary disease","PM2.5",NA,0.700888774100076
"preston",192001,"deaths","lower respiratory infections in children","PM2.5",0.00212060164191701,0.0178063141439074
"preston",192001,"deaths","non-communicable diseases and lower respiratory infections","NO2",0,0
"preston",192001,"deaths","non-communicable diseases and lower respiratory infections","PM2.5",6.91863145613647,9.31113969900852
"preston",192001,"disability","chronic obstructive pulmonary disease","PM2.5",4.64379525382375,0.389057154424842
"preston",192001,"disability","diabetes","PM2.5",10.2080642106185,0.855231593317796
"preston",192001,"disability","ischaemic heart disease","PM2.5",1.45784005060329,0.122137835691024
"preston",192001,"disability","lower respiratory infections","PM2.5",0.0369782545525047,0.00309803807132729
"preston",192001,"disability","lung cancer","PM2.5",0.202481232888139,0.0169638771707318
"preston",192001,"disability","stroke","PM2.5",1.93985547490378,0.162521086699521
"preston",192001,"new cases of asthma in children","new cases of asthma in children","NO2",12.1021494314936,0
"preston",192001,"new cases of asthma in children","number of children suffering from asthma due to pollution exposure (increased prevalence)","NO2",NA,0.279440120322133
"preston",192001,"preterm births","preterm births","PM2.5",0,0
"preston",192001,"work absence (sick leave days)","work absence (sick leave days)","PM2.5",1678.75155037905,0.385057913769703
"reading",246814,"asthma emergency room visits, adults","asthma emergency room visits, adults","O3_8h",-20.1015265126447,-0.0136694260819001
"reading",246814,"asthma emergency room visits, adults","asthma emergency room visits, adults","PM2.5",3.7520442128454,0.00255146249670385
"reading",246814,"asthma emergency room visits, children","asthma emergency room visits, children","O3_8h",-4.27731461445237,-0.00290865650996745
"reading",246814,"asthma emergency room visits, children","asthma emergency room visits, children","PM2.5",2.23618385347275,0.00152064818914902
"reading",246814,"deaths","chronic obstructive pulmonary disease","O3_8h",0,0
"reading",246814,"deaths","chronic obstructive pulmonary disease","PM2.5",NA,1.1408055090128
"reading",246814,"deaths","lower respiratory infections in children","PM2.5",0.00332683442807803,0.0279348359258897
"reading",246814,"deaths","non-communicable diseases and lower respiratory infections","NO2",41.8444826548578,56.3145798561862
"reading",246814,"deaths","non-communicable diseases and lower respiratory infections","PM2.5",10.8081526436689,14.5456828841706
"reading",246814,"disability","chronic obstructive pulmonary disease","PM2.5",7.55849915714761,0.633251039950789
"reading",246814,"disability","diabetes","PM2.5",13.2573561128693,1.11070126104778
"reading",246814,"disability","ischaemic heart disease","PM2.5",2.2694158255145,0.190131652026295
"reading",246814,"disability","lower respiratory infections","PM2.5",0.0642128351319425,0.00537975116224478
"reading",246814,"disability","lung cancer","PM2.5",0.33092773160715,0.0277251245031382
"reading",246814,"disability","stroke","PM2.5",3.22326116656178,0.27004481224663
"reading",246814,"new cases of asthma in children","new cases of asthma in children","NO2",37.2746893718152,0
"reading",246814,"new cases of asthma in children","number of children suffering from asthma due to pollution exposure (increased prevalence)","NO2",NA,0.860677166646473
"reading",246814,"preterm births","preterm births","PM2.5",0,0
"reading",246814,"work absence (sick leave days)","work absence (sick leave days)","PM2.5",2856.8999022608,0.655291675510308
"sheffield",448596,"asthma emergency room visits, adults","asthma emergency room visits, adults","O3_8h",-30.702224434535,-0.0208781053117425
"sheffield",448596,"asthma emergency room visits, adults","asthma emergency room visits, adults","PM2.5",17.8071158916836,0.0121091825668105
"sheffield",448596,"asthma emergency room visits, children","asthma emergency room visits, children","O3_8h",-6.53908836379804,-0.00444670632231454
"sheffield",448596,"asthma emergency room visits, children","asthma emergency room visits, children","PM2.5",10.5849610375834,0.00719797784471853
"sheffield",448596,"deaths","chronic obstructive pulmonary disease","O3_8h",0,0
"sheffield",448596,"deaths","chronic obstructive pulmonary disease","PM2.5",NA,4.78143402124515
"sheffield",448596,"deaths","lower respiratory infections in children","PM2.5",0.0130976172780877,0.109978358584816
"sheffield",448596,"deaths","non-communicable diseases and lower respiratory infections","NO2",50.3854269650706,67.8090388598245
"sheffield",448596,"deaths","non-communicable diseases and lower respiratory infections","PM2.5",42.4104668106276,57.0762850539856
"sheffield",448596,"disability","chronic obstructive pulmonary disease","PM2.5",31.6797777833425,2.65413170123077
"sheffield",448596,"disability","diabetes","PM2.5",33.3438562288222,2.79354818911424
"sheffield",448596,"disability","ischaemic heart disease","PM2.5",8.61052268427147,0.721389568348174
"sheffield",448596,"disability","lower respiratory infections","PM2.5",0.296060047928148,0.0248039100541661
"sheffield",448596,"disability","lung cancer","PM2.5",1.39982467653294,0.117277307800585
"sheffield",448596,"disability","stroke","PM2.5",14.2960851335349,1.19772597572827
"sheffield",448596,"new cases of asthma in children","new cases of asthma in children","NO2",40.284270481715,0
"sheffield",448596,"new cases of asthma in children","number of children suffering from asthma due to pollution exposure (increased prevalence)","NO2",NA,0.930168764996852
"sheffield",448596,"preterm births","preterm births","PM2.5",7.3499879104664,2.09693524630952
"sheffield",448596,"work absence (sick leave days)","work absence (sick leave days)","PM2.5",13466.9611229901,3.08893829683457
"southampton",249189,"asthma emergency room visits, adults","asthma emergency room visits, adults","O3_8h",-5.93405992224791,-0.00403527530218707
"southampton",249189,"asthma emergency room visits, adults","asthma emergency room visits, adults","PM2.5",4.764921894416,0.00324023887343953
"southampton",249189,"asthma emergency room visits, children","asthma emergency room visits, children","O3_8h",-1.26500795188103,-0.000860229827838004
"southampton",249189,"asthma emergency room visits, children","asthma emergency room visits, children","PM2.5",2.83533566763864,0.00192808298920886
"southampton",249189,"deaths","chronic obstructive pulmonary disease","O3_8h",0,0
"southampton",249189,"deaths","chronic obstructive pulmonary disease","PM2.5",NA,1.34322619032931
"southampton",249189,"deaths","lower respiratory infections in children","PM2.5",0.00376592678486806,0.0316218162095247
"southampton",249189,"deaths","non-communicable diseases and lower respiratory infections","NO2",19.5401280239731,26.2972327578385
"southampton",249189,"deaths","non-communicable diseases and lower respiratory infections","PM2.5",12.2093748677706,16.4314569654588
"southampton",249189,"disability","chronic obstructive pulmonary disease","PM2.5",8.8996537510136,0.745612968376392
"southampton",249189,"disability","diabetes","PM2.5",11.5177475823626,0.964956862834957
"southampton",249189,"disability","ischaemic heart disease","PM2.5",2.50901051098798,0.210204894159197
"southampton",249189,"disability","lower respiratory infections","PM2.5",0.0799890991148097,0.00670148651816415
"southampton",249189,"disability","lung cancer","PM2.5",0.391473061958016,0.0327976121242545
"southampton",249189,"disability","stroke","PM2.5",3.9193464788899,0.328362837923648
"southampton",249189,"new cases of asthma in children","new cases of asthma in children","NO2",15.3343588597492,0
"southampton",249189,"new cases of asthma in children","number of children suffering from asthma due to pollution exposure (increased prevalence)","NO2",NA,0.354072233952098
"southampton",249189,"preterm births","preterm births","PM2.5",1.99211697516836,0.568346553883916
"southampton",249189,"work absence (sick leave days)","work absence (sick leave days)","PM2.5",3613.27036256433,0.828781571269896
"sunderland",177862,"asthma emergency room visits, adults","asthma emergency room visits, adults","O3_8h",9.03730920988357,0.00614554472497746
"sunderland",177862,"asthma emergency room visits, adults","asthma emergency room visits, adults","PM2.5",7.80149730533545,0.00530516877294583
"sunderland",177862,"asthma emergency room visits, children","asthma emergency room visits, children","O3_8h",1.93653185122507,0.00131687904293809
"sunderland",177862,"asthma emergency room visits, children","asthma emergency room visits, children","PM2.5",4.64792997614913,0.00316068211052788
"sunderland",177862,"deaths","chronic obstructive pulmonary disease","O3_8h",0.218085845843912,0.270463325326753
"sunderland",177862,"deaths","chronic obstructive pulmonary disease","PM2.5",NA,2.33945727699612
"sunderland",177862,"deaths","lower respiratory infections in children","PM2.5",0.00678544972084227,0.0569762122921787
"sunderland",177862,"deaths","non-communicable diseases and lower respiratory infections","NO2",0,0
"sunderland",177862,"deaths","non-communicable diseases and lower respiratory infections","PM2.5",22.0580364761196,29.6858505062889
"sunderland",177862,"disability","chronic obstructive pulmonary disease","PM2.5",15.5002633811437,1.29861202621666
"sunderland",177862,"disability","diabetes","PM2.5",26.1691717273403,2.19245314002822
"sunderland",177862,"disability","ischaemic heart disease","PM2.5",4.60492258374278,0.385800402225412
"sunderland",177862,"disability","lower respiratory infections","PM2.5",0.132280035852521,0.0110824210635948
"sunderland",177862,"disability","lung cancer","PM2.5",0.678892279901671,0.0568775934645379
"sunderland",177862,"disability","stroke","PM2.5",6.64345616009124,0.556588740010239
"sunderland",177862,"new cases of asthma in children","new cases of asthma in children","NO2",10.3496811703324,0
"sunderland",177862,"new cases of asthma in children","number of children suffering from asthma due to pollution exposure (increased prevalence)","NO2",NA,0.23897541241783
"sunderland",177862,"preterm births","preterm births","PM2.5",1.28400087509102,0.366322601352385
"sunderland",177862,"work absence (sick leave days)","work absence (sick leave days)","PM2.5",5934.68551825763,1.36124825857857
"swansea",171146,"asthma emergency room visits, adults","asthma emergency room visits, adults","O3_8h",0,0
"swansea",171146,"asthma emergency room visits, adults","asthma emergency room visits, adults","PM2.5",9.28564430440039,0.00631441738327551
"swansea",171146,"asthma emergency room visits, children","asthma emergency room visits, children","O3_8h",0,0
"swansea",171146,"asthma emergency room visits, children","asthma emergency room visits, children","PM2.5",5.52173629880978,0.00375488727847834
"swansea",171146,"deaths","chronic obstructive pulmonary disease","O3_8h",0,0
"swansea",171146,"deaths","chronic obstructive pulmonary disease","PM2.5",NA,2.53881808413866
"swansea",171146,"deaths","lower respiratory infections in children","PM2.5",0.00701571524210614,0.0589097108461214
"swansea",171146,"deaths","non-communicable diseases and lower respiratory infections","NO2",0,0
"swansea",171146,"deaths","non-communicable diseases and lower respiratory infections","PM2.5",22.7265589755523,30.5855524811104
"swansea",171146,"disability","chronic obstructive pulmonary disease","PM2.5",16.8211445312173,1.40927544557346
"swansea",171146,"disability","diabetes","PM2.5",19.2204846660262,1.61029215589838
"swansea",171146,"disability","ischaemic heart disease","PM2.5",4.63579958140019,0.388387277009755
"swansea",171146,"disability","lower respiratory infections","PM2.5",0.154980097951208,0.0129842322078546
"swansea",171146,"disability","lung cancer","PM2.5",0.742016216044672,0.062166116672289
"swansea",171146,"disability","stroke","PM2.5",7.52199989655849,0.630193131992481
"swansea",171146,"new cases of asthma in children","new cases of asthma in children","NO2",12.3496969602917,0
"swansea",171146,"new cases of asthma in children","number of children suffering from asthma due to pollution exposure (increased prevalence)","NO2",NA,0.285156023238747
"swansea",171146,"preterm births","preterm births","PM2.5",3.85101055172765,1.09868476767537
"swansea",171146,"work absence (sick leave days)","work absence (sick leave days)","PM2.5",7029.45223367759,1.6123566417154
"swindon",164076,"asthma emergency room visits, adults","asthma emergency room visits, adults","O3_8h",0,0
"swindon",164076,"asthma emergency room visits, adults","asthma emergency room visits, adults","PM2.5",0,0
"swindon",164076,"asthma emergency room visits, children","asthma emergency room visits, children","O3_8h",0,0
"swindon",164076,"asthma emergency room visits, children","asthma emergency room visits, children","PM2.5",0,0
"swindon",164076,"deaths","chronic obstructive pulmonary disease","O3_8h",0,0
"swindon",164076,"deaths","chronic obstructive pulmonary disease","PM2.5",NA,0
"swindon",164076,"deaths","lower respiratory infections in children","PM2.5",0,0
"swindon",164076,"deaths","non-communicable diseases and lower respiratory infections","NO2",0,0
"swindon",164076,"deaths","non-communicable diseases and lower respiratory infections","PM2.5",0,0
"swindon",164076,"disability","chronic obstructive pulmonary disease","PM2.5",0,0
"swindon",164076,"disability","diabetes","PM2.5",0,0
"swindon",164076,"disability","ischaemic heart disease","PM2.5",0,0
"swindon",164076,"disability","lower respiratory infections","PM2.5",0,0
"swindon",164076,"disability","lung cancer","PM2.5",0,0
"swindon",164076,"disability","stroke","PM2.5",0,0
"swindon",164076,"new cases of asthma in children","new cases of asthma in children","NO2",7.74819187337971,0
"swindon",164076,"new cases of asthma in children","number of children suffering from asthma due to pollution exposure (increased prevalence)","NO2",NA,0.178906704270382
"swindon",164076,"preterm births","preterm births","PM2.5",0,0
"swindon",164076,"work absence (sick leave days)","work absence (sick leave days)","PM2.5",0,0
"telford",43932,"asthma emergency room visits, adults","asthma emergency room visits, adults","O3_8h",0,0
"telford",43932,"asthma emergency room visits, adults","asthma emergency room visits, adults","PM2.5",0,0
"telford",43932,"asthma emergency room visits, children","asthma emergency room visits, children","O3_8h",0,0
"telford",43932,"asthma emergency room visits, children","asthma emergency room visits, children","PM2.5",0,0
"telford",43932,"deaths","chronic obstructive pulmonary disease","O3_8h",0,0
"telford",43932,"deaths","chronic obstructive pulmonary disease","PM2.5",NA,0
"telford",43932,"deaths","lower respiratory infections in children","PM2.5",0,0
"telford",43932,"deaths","non-communicable diseases and lower respiratory infections","NO2",0,0
"telford",43932,"deaths","non-communicable diseases and lower respiratory infections","PM2.5",0,0
"telford",43932,"disability","chronic obstructive pulmonary disease","PM2.5",0,0
"telford",43932,"disability","diabetes","PM2.5",0,0
"telford",43932,"disability","ischaemic heart disease","PM2.5",0,0
"telford",43932,"disability","lower respiratory infections","PM2.5",0,0
"telford",43932,"disability","lung cancer","PM2.5",0,0
"telford",43932,"disability","stroke","PM2.5",0,0
"telford",43932,"new cases of asthma in children","new cases of asthma in children","NO2",2.65800461444897,0
"telford",43932,"new cases of asthma in children","number of children suffering from asthma due to pollution exposure (increased prevalence)","NO2",NA,0.0613736537862872
"telford",43932,"preterm births","preterm births","PM2.5",0,0
"telford",43932,"work absence (sick leave days)","work absence (sick leave days)","PM2.5",0,0
"warrington",81293,"asthma emergency room visits, adults","asthma emergency room visits, adults","O3_8h",0,0
"warrington",81293,"asthma emergency room visits, adults","asthma emergency room visits, adults","PM2.5",2.03993470753925,0.00138719498138958
"warrington",81293,"asthma emergency room visits, children","asthma emergency room visits, children","O3_8h",0,0
"warrington",81293,"asthma emergency room visits, children","asthma emergency room visits, children","PM2.5",1.21504928524254,0.000826256970088349
"warrington",81293,"deaths","chronic obstructive pulmonary disease","O3_8h",0,0
"warrington",81293,"deaths","chronic obstructive pulmonary disease","PM2.5",NA,0.604002577749507
"warrington",81293,"deaths","lower respiratory infections in children","PM2.5",0.00173753147253379,0.0145897421860402
"warrington",81293,"deaths","non-communicable diseases and lower respiratory infections","NO2",0,0
"warrington",81293,"deaths","non-communicable diseases and lower respiratory infections","PM2.5",5.64691747399134,7.59965866117504
"warrington",81293,"disability","chronic obstructive pulmonary disease","PM2.5",4.00186792469586,0.335276484441084
"warrington",81293,"disability","diabetes","PM2.5",6.37213407594793,0.533857376498357
"warrington",81293,"disability","ischaemic heart disease","PM2.5",1.1749456461345,0.0984369432120307
"warrington",81293,"disability","lower respiratory infections","PM2.5",0.0345169279625641,0.00289182813595083
"warrington",81293,"disability","lung cancer","PM2.5",0.175403397786326,0.0146952962155267
"warrington",81293,"disability","stroke","PM2.5",1.72406915284313,0.144442509192128
"warrington",81293,"new cases of asthma in children","new cases of asthma in children","NO2",8.55312705249287,0
"warrington",81293,"new cases of asthma in children","number of children suffering from asthma due to pollution exposure (increased prevalence)","NO2",NA,0.197492756655221
"warrington",81293,"preterm births","preterm births","PM2.5",0.488581543609706,0.139391230566866
"warrington",81293,"work absence (sick leave days)","work absence (sick leave days)","PM2.5",1550.84217257301,0.355719136296377
"wigan",80597,"asthma emergency room visits, adults","asthma emergency room visits, adults","O3_8h",-1.37458663949954,-0.0009347454507988
"wigan",80597,"asthma emergency room visits, adults","asthma emergency room visits, adults","PM2.5",2.61651689043811,0.00177928199648859
"wigan",80597,"asthma emergency room visits, children","asthma emergency room visits, children","O3_8h",-0.293118557691301,-0.000199326277786615
"wigan",80597,"asthma emergency room visits, children","asthma emergency room visits, children","PM2.5",1.5583536866514,0.00105971059042396
"wigan",80597,"deaths","chronic obstructive pulmonary disease","O3_8h",0,0
"wigan",80597,"deaths","chronic obstructive pulmonary disease","PM2.5",NA,0.771071298920299
"wigan",80597,"deaths","lower respiratory infections in children","PM2.5",0.00221212820233412,0.0185748463637661
"wigan",80597,"deaths","non-communicable diseases and lower respiratory infections","NO2",0,0
"wigan",80597,"deaths","non-communicable diseases and lower respiratory infections","PM2.5",7.18583980277771,9.6707504486331
"wigan",80597,"disability","chronic obstructive pulmonary disease","PM2.5",5.10879524769582,0.428014852715799
"wigan",80597,"disability","diabetes","PM2.5",7.96815213254844,0.667571765176535
"wigan",80597,"disability","ischaemic heart disease","PM2.5",1.49399856004955,0.125167195519458
"wigan",80597,"disability","lower respiratory infections","PM2.5",0.0442923855268183,0.00371081594554859
"wigan",80597,"disability","lung cancer","PM2.5",0.224012633514856,0.0187677778598748
"wigan",80597,"disability","stroke","PM2.5",2.20579178929838,0.184801230435704
"wigan",80597,"new cases of asthma in children","new cases of asthma in children","NO2",3.00876982586137,0
"wigan",80597,"new cases of asthma in children","number of children suffering from asthma due to pollution exposure (increased prevalence)","NO2",NA,0.0694728657020504
"wigan",80597,"preterm births","preterm births","PM2.5",0.683644622010732,0.195042294124438
"wigan",80597,"work absence (sick leave days)","work absence (sick leave days)","PM2.5",1988.76865996762,0.456167031389959
"worthing",99551,"asthma emergency room visits, adults","asthma emergency room visits, adults","O3_8h",0,0
"worthing",99551,"asthma emergency room visits, adults","asthma emergency room visits, adults","PM2.5",3.42037934898569,0.00232592398659906
"worthing",99551,"asthma emergency room visits, children","asthma emergency room visits, children","O3_8h",0,0
"worthing",99551,"asthma emergency room visits, children","asthma emergency room visits, children","PM2.5",2.03655476734207,0.00138489655680687
"worthing",99551,"deaths","chronic obstructive pulmonary disease","O3_8h",0,0
"worthing",99551,"deaths","chronic obstructive pulmonary disease","PM2.5",NA,0.995204195022274
"worthing",99551,"deaths","lower respiratory infections in children","PM2.5",0.00283659239241789,0.0238183609024988
"worthing",99551,"deaths","non-communicable diseases and lower respiratory infections","NO2",14.3152947904978,19.2656178424695
"worthing",99551,"deaths","non-communicable diseases and lower respiratory infections","PM2.5",9.21181135501706,12.3973162830347
"worthing",99551,"disability","chronic obstructive pulmonary disease","PM2.5",6.59380587649428,0.55242903937815
"worthing",99551,"disability","diabetes","PM2.5",9.77917312137501,0.819299098963779
"worthing",99551,"disability","ischaemic heart disease","PM2.5",1.90784601180814,0.159839333963674
"worthing",99551,"disability","lower respiratory infections","PM2.5",0.0576532722496586,0.00483019100083353
"worthing",99551,"disability","lung cancer","PM2.5",0.289326066430091,0.0242397371015739
"worthing",99551,"disability","stroke","PM2.5",2.86180061367961,0.239761648055579
"worthing",99551,"new cases of asthma in children","new cases of asthma in children","NO2",10.7697347225902,0
"worthing",99551,"new cases of asthma in children","number of children suffering from asthma due to pollution exposure (increased prevalence)","NO2",NA,0.248674500654106
"worthing",99551,"preterm births","preterm births","PM2.5",1.1985715175195,0.341949795145967
"worthing",99551,"work absence (sick leave days)","work absence (sick leave days)","PM2.5",2597.9074878266,0.595886173390773
"york",145854,"asthma emergency room visits, adults","asthma emergency room visits, adults","O3_8h",0,0
"york",145854,"asthma emergency room visits, adults","asthma emergency room visits, adults","PM2.5",2.10652622926177,0.00143247850168812
"york",145854,"asthma emergency room visits, children","asthma emergency room visits, children","O3_8h",0,0
"york",145854,"asthma emergency room visits, children","asthma emergency room visits, children","PM2.5",1.2557982042243,0.000853967021640311
"york",145854,"deaths","chronic obstructive pulmonary disease","O3_8h",0,0
"york",145854,"deaths","chronic obstructive pulmonary disease","PM2.5",NA,0.655285378335351
"york",145854,"deaths","lower respiratory infections in children","PM2.5",0.00194743509791742,0.016352265528306
"york",145854,"deaths","non-communicable diseases and lower respiratory infections","NO2",0,0
"york",145854,"deaths","non-communicable diseases and lower respiratory infections","PM2.5",6.34272257664901,8.53607774278146
"york",145854,"disability","chronic obstructive pulmonary disease","PM2.5",4.3416462672283,0.363743113104787
"york",145854,"disability","diabetes","PM2.5",8.59023635814015,0.719689979997054
"york",145854,"disability","ischaemic heart disease","PM2.5",1.33322525915883,0.111697608784227
"york",145854,"disability","lower respiratory infections","PM2.5",0.0356791790865524,0.00298920153213009
"york",145854,"disability","lung cancer","PM2.5",0.189673719119639,0.0158908637001385
"york",145854,"disability","stroke","PM2.5",1.83218994519476,0.153500868897338
"york",145854,"new cases of asthma in children","new cases of asthma in children","NO2",4.58278166137703,0
"york",145854,"new cases of asthma in children","number of children suffering from asthma due to pollution exposure (increased prevalence)","NO2",NA,0.10581699276764
"york",145854,"preterm births","preterm births","PM2.5",0,0
"york",145854,"work absence (sick leave days)","work absence (sick leave days)","PM2.5",1605.04267573784,0.368151191932723
